{"class_name": "Functional", "config": {"name": "model", "layers": [{"class_name": "InputLayer", "config": {"batch_input_shape": [null, 65], "dtype": "int32", "sparse": false, "ragged": false, "name": "input_1"}, "name": "input_1", "inbound_nodes": []}, {"class_name": "Embedding", "config": {"name": "embedding", "trainable": false, "batch_input_shape": [null, 65], "dtype": "float32", "input_dim": 21271, "output_dim": 300, "embeddings_initializer": {"class_name": "RandomUniform", "config": {"minval": -0.05, "maxval": 0.05, "seed": null}}, "embeddings_regularizer": null, "activity_regularizer": null, "embeddings_constraint": null, "mask_zero": false, "input_length": 65}, "name": "embedding", "inbound_nodes": [[["input_1", 0, 0, {}]]]}, {"class_name": "Conv1D", "config": {"name": "conv1d", "trainable": true, "dtype": "float32", "filters": 200, "kernel_size": [2], "strides": [1], "padding": "valid", "data_format": "channels_last", "dilation_rate": [1], "groups": 1, "activation": "relu", "use_bias": true, "kernel_initializer": {"class_name": "GlorotUniform", "config": {"seed": null}}, "bias_initializer": {"class_name": "Zeros", "config": {}}, "kernel_regularizer": null, "bias_regularizer": null, "activity_regularizer": null, "kernel_constraint": null, "bias_constraint": null}, "name": "conv1d", "inbound_nodes": [[["embedding", 0, 0, {}]]]}, {"class_name": "Conv1D", "config": {"name": "conv1d_1", "trainable": true, "dtype": "float32", "filters": 200, "kernel_size": [3], "strides": [1], "padding": "valid", "data_format": "channels_last", "dilation_rate": [1], "groups": 1, "activation": "relu", "use_bias": true, "kernel_initializer": {"class_name": "GlorotUniform", "config": {"seed": null}}, "bias_initializer": {"class_name": "Zeros", "config": {}}, "kernel_regularizer": null, "bias_regularizer": null, "activity_regularizer": null, "kernel_constraint": null, "bias_constraint": null}, "name": "conv1d_1", "inbound_nodes": [[["embedding", 0, 0, {}]]]}, {"class_name": "Conv1D", "config": {"name": "conv1d_2", "trainable": true, "dtype": "float32", "filters": 200, "kernel_size": [4], "strides": [1], "padding": "valid", "data_format": "channels_last", "dilation_rate": [1], "groups": 1, "activation": "relu", "use_bias": true, "kernel_initializer": {"class_name": "GlorotUniform", "config": {"seed": null}}, "bias_initializer": {"class_name": "Zeros", "config": {}}, "kernel_regularizer": null, "bias_regularizer": null, "activity_regularizer": null, "kernel_constraint": null, "bias_constraint": null}, "name": "conv1d_2", "inbound_nodes": [[["embedding", 0, 0, {}]]]}, {"class_name": "Conv1D", "config": {"name": "conv1d_3", "trainable": true, "dtype": "float32", "filters": 200, "kernel_size": [5], "strides": [1], "padding": "valid", "data_format": "channels_last", "dilation_rate": [1], "groups": 1, "activation": "relu", "use_bias": true, "kernel_initializer": {"class_name": "GlorotUniform", "config": {"seed": null}}, "bias_initializer": {"class_name": "Zeros", "config": {}}, "kernel_regularizer": null, "bias_regularizer": null, "activity_regularizer": null, "kernel_constraint": null, "bias_constraint": null}, "name": "conv1d_3", "inbound_nodes": [[["embedding", 0, 0, {}]]]}, {"class_name": "Conv1D", "config": {"name": "conv1d_4", "trainable": true, "dtype": "float32", "filters": 200, "kernel_size": [6], "strides": [1], "padding": "valid", "data_format": "channels_last", "dilation_rate": [1], "groups": 1, "activation": "relu", "use_bias": true, "kernel_initializer": {"class_name": "GlorotUniform", "config": {"seed": null}}, "bias_initializer": {"class_name": "Zeros", "config": {}}, "kernel_regularizer": null, "bias_regularizer": null, "activity_regularizer": null, "kernel_constraint": null, "bias_constraint": null}, "name": "conv1d_4", "inbound_nodes": [[["embedding", 0, 0, {}]]]}, {"class_name": "GlobalMaxPooling1D", "config": {"name": "global_max_pooling1d", "trainable": true, "dtype": "float32", "data_format": "channels_last", "keepdims": false}, "name": "global_max_pooling1d", "inbound_nodes": [[["conv1d", 0, 0, {}]]]}, {"class_name": "GlobalMaxPooling1D", "config": {"name": "global_max_pooling1d_1", "trainable": true, "dtype": "float32", "data_format": "channels_last", "keepdims": false}, "name": "global_max_pooling1d_1", "inbound_nodes": [[["conv1d_1", 0, 0, {}]]]}, {"class_name": "GlobalMaxPooling1D", "config": {"name": "global_max_pooling1d_2", "trainable": true, "dtype": "float32", "data_format": "channels_last", "keepdims": false}, "name": "global_max_pooling1d_2", "inbound_nodes": [[["conv1d_2", 0, 0, {}]]]}, {"class_name": "GlobalMaxPooling1D", "config": {"name": "global_max_pooling1d_3", "trainable": true, "dtype": "float32", "data_format": "channels_last", "keepdims": false}, "name": "global_max_pooling1d_3", "inbound_nodes": [[["conv1d_3", 0, 0, {}]]]}, {"class_name": "GlobalMaxPooling1D", "config": {"name": "global_max_pooling1d_4", "trainable": true, "dtype": "float32", "data_format": "channels_last", "keepdims": false}, "name": "global_max_pooling1d_4", "inbound_nodes": [[["conv1d_4", 0, 0, {}]]]}, {"class_name": "Concatenate", "config": {"name": "concatenate", "trainable": true, "dtype": "float32", "axis": 1}, "name": "concatenate", "inbound_nodes": [[["global_max_pooling1d", 0, 0, {}], ["global_max_pooling1d_1", 0, 0, {}], ["global_max_pooling1d_2", 0, 0, {}], ["global_max_pooling1d_3", 0, 0, {}], ["global_max_pooling1d_4", 0, 0, {}]]]}, {"class_name": "Dropout", "config": {"name": "dropout", "trainable": true, "dtype": "float32", "rate": 0.1, "noise_shape": null, "seed": null}, "name": "dropout", "inbound_nodes": [[["concatenate", 0, 0, {}]]]}, {"class_name": "Dense", "config": {"name": "dense", "trainable": true, "dtype": "float32", "units": 128, "activation": "relu", "use_bias": true, "kernel_initializer": {"class_name": "GlorotUniform", "config": {"seed": null}}, "bias_initializer": {"class_name": "Zeros", "config": {}}, "kernel_regularizer": null, "bias_regularizer": null, "activity_regularizer": null, "kernel_constraint": null, "bias_constraint": null}, "name": "dense", "inbound_nodes": [[["dropout", 0, 0, {}]]]}, {"class_name": "Dropout", "config": {"name": "dropout_1", "trainable": true, "dtype": "float32", "rate": 0.2, "noise_shape": null, "seed": null}, "name": "dropout_1", "inbound_nodes": [[["dense", 0, 0, {}]]]}, {"class_name": "Dense", "config": {"name": "dense_1", "trainable": true, "dtype": "float32", "units": 3, "activation": "sigmoid", "use_bias": true, "kernel_initializer": {"class_name": "GlorotUniform", "config": {"seed": null}}, "bias_initializer": {"class_name": "Zeros", "config": {}}, "kernel_regularizer": null, "bias_regularizer": null, "activity_regularizer": null, "kernel_constraint": null, "bias_constraint": null}, "name": "dense_1", "inbound_nodes": [[["dropout_1", 0, 0, {}]]]}], "input_layers": [["input_1", 0, 0]], "output_layers": [["dense_1", 0, 0]]}, "keras_version": "2.7.0", "backend": "tensorflow"}